run,without_lru_cache,with_lru_cache
1,0.02330343999892648,0.020855918000961537
2,5.299989425111562e-07,3.3099968277383596e-07
3,2.54998667514883e-07,2.0600054995156825e-07
4,2.1000050764996558e-07,1.4999932318460196e-07
5,1.7300044419243932e-07,1.4199940778780729e-07
6,2.3500069801229984e-07,1.9599974621087313e-07
7,1.7899947124533355e-07,1.4800025383010507e-07
8,1.8700120563153177e-07,1.5099976735655218e-07
9,1.7899947124533355e-07,1.429998519597575e-07
10,1.7600177670828998e-07,1.720000000204891e-07
11,1.7599995771888644e-07,1.4099896361585706e-07
12,1.7800084606278688e-07,1.500011421740055e-07
13,1.7899947124533355e-07,1.4200122677721083e-07
14,1.7499951354693621e-07,1.5300065570045263e-07
15,1.7899947124533355e-07,1.4800025383010507e-07
16,1.7700040189083666e-07,1.4600118447560817e-07
17,1.8799983081407845e-07,1.4699980965815485e-07
18,1.9800063455477357e-07,1.4500074030365795e-07
19,1.829994289437309e-07,1.4899887901265174e-07
20,1.7299862520303577e-07,1.4599936548620462e-07
21,1.7600177670828998e-07,1.4699980965815485e-07
22,1.7300044419243932e-07,1.5600016922689974e-07
23,1.9599974621087313e-07,1.900007191579789e-07
24,1.8900027498602867e-07,1.4600118447560817e-07
25,1.720000000204891e-07,1.410007826052606e-07
26,1.9100116332992911e-07,1.6800004232209176e-07
27,1.7799902707338333e-07,1.4800025383010507e-07
28,1.829994289437309e-07,1.4699980965815485e-07
29,1.73999069374986e-07,1.429998519597575e-07
30,1.7700040189083666e-07,1.5899968275334686e-07
31,1.8099854059983045e-07,1.470016286475584e-07
32,1.7700040189083666e-07,1.490006980020553e-07
33,1.7599995771888644e-07,1.4699980965815485e-07
34,2.020005922531709e-07,1.6699959815014154e-07
35,1.8199898477178067e-07,1.5600016922689974e-07
36,1.7999991541728377e-07,1.520002115285024e-07
37,1.7700040189083666e-07,1.4599936548620462e-07
38,1.7799902707338333e-07,1.7899947124533355e-07
39,1.7899947124533355e-07,1.4400029613170773e-07
40,1.7300044419243932e-07,1.4599936548620462e-07
41,1.7599995771888644e-07,1.4099896361585706e-07
42,1.9399885786697268e-07,1.6199919627979398e-07
43,1.73999069374986e-07,1.4199940778780729e-07
44,1.829994289437309e-07,1.4399847714230418e-07
45,1.7499951354693621e-07,1.4600118447560817e-07
46,1.8199898477178067e-07,1.5600016922689974e-07
47,1.7999991541728377e-07,1.4500074030365795e-07
48,1.7999991541728377e-07,1.7899947124533355e-07
49,1.8500031728763133e-07,2.2299900592770427e-07
50,1.81000359589234e-07,1.4400029613170773e-07
51,1.7799902707338333e-07,1.4599936548620462e-07
52,1.7899947124533355e-07,1.429998519597575e-07
53,1.790012902347371e-07,1.429998519597575e-07
54,1.900007191579789e-07,1.4800025383010507e-07
55,1.7299862520303577e-07,1.1810006981249899e-06
56,1.7599995771888644e-07,1.4599936548620462e-07
57,1.7400088836438954e-07,1.4199940778780729e-07
58,1.8500031728763133e-07,1.4699980965815485e-07
59,1.7599995771888644e-07,1.6199919627979398e-07
60,1.769985829014331e-07,1.410007826052606e-07
61,1.7899947124533355e-07,1.4699980965815485e-07
62,1.7799902707338333e-07,1.4599936548620462e-07
63,1.7899947124533355e-07,1.610005710972473e-07
64,1.81000359589234e-07,1.4600118447560817e-07
65,1.7999991541728377e-07,1.4800025383010507e-07
66,2.0799961930606514e-07,1.6900048649404198e-07
67,1.7899947124533355e-07,1.429998519597575e-07
68,1.8200080376118422e-07,1.410007826052606e-07
69,1.7899947124533355e-07,1.6400008462369442e-07
70,1.7899947124533355e-07,1.4099896361585706e-07
71,1.7800084606278688e-07,1.6800004232209176e-07
72,1.8199898477178067e-07,1.4699980965815485e-07
73,1.7700040189083666e-07,1.4400029613170773e-07
74,1.769985829014331e-07,1.429998519597575e-07
75,1.7999991541728377e-07,1.4199940778780729e-07
76,1.7799902707338333e-07,1.4099896361585706e-07
77,2.039996616076678e-07,1.429998519597575e-07
78,1.9500112102832645e-07,1.4600118447560817e-07
79,1.829994289437309e-07,1.4400029613170773e-07
80,1.7999991541728377e-07,1.4699980965815485e-07
81,1.7599995771888644e-07,1.5699879440944642e-07
82,1.839998731156811e-07,1.410007826052606e-07
83,1.829994289437309e-07,1.4500074030365795e-07
84,1.7700040189083666e-07,1.429998519597575e-07
85,1.8200080376118422e-07,1.5600016922689974e-07
86,1.7999991541728377e-07,1.500011421740055e-07
87,1.7999991541728377e-07,1.4300167094916105e-07
88,1.8200080376118422e-07,1.4200122677721083e-07
89,1.7299862520303577e-07,1.6199919627979398e-07
90,1.73999069374986e-07,1.4400029613170773e-07
91,1.7599995771888644e-07,1.429998519597575e-07
92,1.7899947124533355e-07,1.4300167094916105e-07
93,1.81000359589234e-07,1.6699959815014154e-07
94,2.220003807451576e-07,1.4699980965815485e-07
95,1.7899947124533355e-07,1.4699980965815485e-07
96,1.8000173440668732e-07,1.4399847714230418e-07
97,1.839998731156811e-07,1.429998519597575e-07
98,1.9399885786697268e-07,1.449989213142544e-07
99,1.8200080376118422e-07,1.429998519597575e-07
100,1.8300124793313444e-07,1.400003384333104e-07
101,1.769985829014331e-07,1.410007826052606e-07
102,1.9999970390927047e-07,1.4400029613170773e-07
103,1.7800084606278688e-07,1.4800025383010507e-07
104,1.7700040189083666e-07,1.449989213142544e-07
105,1.7799902707338333e-07,1.500011421740055e-07
106,1.7700040189083666e-07,1.610005710972473e-07
107,1.7799902707338333e-07,1.429998519597575e-07
108,1.7799902707338333e-07,1.429998519597575e-07
109,1.7800084606278688e-07,1.4599936548620462e-07
110,2.6999987312592566e-07,1.7999991541728377e-07
111,1.7999991541728377e-07,1.4899887901265174e-07
112,1.7700040189083666e-07,1.3699900591745973e-07
113,1.7400088836438954e-07,1.649987098062411e-07
114,1.7899947124533355e-07,1.429998519597575e-07
115,1.7400088836438954e-07,1.410007826052606e-07
116,1.81000359589234e-07,1.429998519597575e-07
117,1.7999991541728377e-07,1.6200101526919752e-07
118,1.829994289437309e-07,1.4699980965815485e-07
119,2.0100014808122069e-07,1.1569991329452023e-06
120,1.839998731156811e-07,1.4199940778780729e-07
121,1.7899947124533355e-07,1.400003384333104e-07
122,1.7499951354693621e-07,1.4199940778780729e-07
123,1.73999069374986e-07,1.449989213142544e-07
124,1.7599995771888644e-07,1.649987098062411e-07
125,1.7799902707338333e-07,1.4199940778780729e-07
126,1.7400088836438954e-07,1.4600118447560817e-07
127,1.7599995771888644e-07,1.4400029613170773e-07
128,1.720000000204891e-07,1.5700061339884996e-07
129,1.8199898477178067e-07,1.429998519597575e-07
130,1.8200080376118422e-07,1.610005710972473e-07
131,1.7599995771888644e-07,1.490006980020553e-07
132,1.7599995771888644e-07,1.5899968275334686e-07
133,1.7300044419243932e-07,1.6099875210784376e-07
134,1.7700040189083666e-07,1.400003384333104e-07
135,1.7700040189083666e-07,1.4699980965815485e-07
136,1.7100137483794242e-07,1.4400029613170773e-07
137,1.7899947124533355e-07,1.5799923858139664e-07
138,1.949993020389229e-07,1.3899989426136017e-07
139,1.7599995771888644e-07,1.4599936548620462e-07
140,1.73999069374986e-07,1.4199940778780729e-07
141,1.7499951354693621e-07,2.2899985197000206e-07
142,1.7799902707338333e-07,1.400003384333104e-07
143,1.7599995771888644e-07,1.429998519597575e-07
144,1.790012902347371e-07,1.3799945008940995e-07
145,1.7800084606278688e-07,1.6199919627979398e-07
146,1.7899947124533355e-07,1.6199919627979398e-07
147,1.7599995771888644e-07,1.6599915397819132e-07
148,2.020005922531709e-07,1.6200101526919752e-07
149,1.9700019038282335e-07,2.0700099412351847e-07
150,2.0600054995156825e-07,2.0199877326376736e-07
151,2.220003807451576e-07,1.4699980965815485e-07
152,1.8500031728763133e-07,1.4999932318460196e-07
153,1.7999991541728377e-07,1.4099896361585706e-07
154,2.0199877326376736e-07,1.520002115285024e-07
155,1.7500133253633976e-07,1.3899989426136017e-07
156,1.7500133253633976e-07,1.3899989426136017e-07
157,1.7700040189083666e-07,1.4500074030365795e-07
158,1.7700040189083666e-07,1.4599936548620462e-07
159,1.969983713934198e-07,1.4699980965815485e-07
160,1.7300044419243932e-07,1.4199940778780729e-07
161,1.7800084606278688e-07,1.4399847714230418e-07
162,1.7299862520303577e-07,1.7300044419243932e-07
163,1.7599995771888644e-07,1.4599936548620462e-07
164,1.7999991541728377e-07,1.7300044419243932e-07
165,1.7800084606278688e-07,1.410007826052606e-07
166,1.769985829014331e-07,1.4199940778780729e-07
167,1.7599995771888644e-07,1.6500052879564464e-07
168,1.7700040189083666e-07,1.4199940778780729e-07
169,1.7499951354693621e-07,1.4199940778780729e-07
170,1.7300044419243932e-07,1.429998519597575e-07
171,1.8099854059983045e-07,1.6000012692529708e-07
172,1.7599995771888644e-07,1.4599936548620462e-07
173,1.7799902707338333e-07,1.4699980965815485e-07
174,1.7999991541728377e-07,1.539992808829993e-07
175,1.7499951354693621e-07,1.6500052879564464e-07
176,1.7499951354693621e-07,1.429998519597575e-07
177,1.7599995771888644e-07,1.4699980965815485e-07
178,1.7599995771888644e-07,1.429998519597575e-07
179,1.7499951354693621e-07,1.6000012692529708e-07
180,1.81000359589234e-07,1.429998519597575e-07
181,1.769985829014331e-07,1.429998519597575e-07
182,1.7800084606278688e-07,2.3060001694830135e-06
183,1.7700040189083666e-07,1.4999932318460196e-07
184,1.8600076145958155e-07,1.4600118447560817e-07
185,1.839998731156811e-07,1.4699980965815485e-07
186,1.81000359589234e-07,2.2999847715254873e-07
187,1.7599995771888644e-07,1.4400029613170773e-07
188,1.7400088836438954e-07,1.4199940778780729e-07
189,1.8199898477178067e-07,1.4800025383010507e-07
190,1.7599995771888644e-07,1.6000012692529708e-07
191,1.7499951354693621e-07,1.4200122677721083e-07
192,1.7899947124533355e-07,1.449989213142544e-07
193,1.7799902707338333e-07,1.6400008462369442e-07
194,1.7300044419243932e-07,1.520002115285024e-07
195,1.7700040189083666e-07,1.3899989426136017e-07
196,1.7500133253633976e-07,1.3899989426136017e-07
197,1.9800063455477357e-07,1.4200122677721083e-07
198,1.7700040189083666e-07,1.410007826052606e-07
199,1.7799902707338333e-07,1.410007826052606e-07
200,1.7300044419243932e-07,1.4300167094916105e-07
201,1.9700019038282335e-07,1.429998519597575e-07
202,1.81000359589234e-07,1.4099896361585706e-07
203,1.7599995771888644e-07,1.4199940778780729e-07
204,1.81000359589234e-07,1.490006980020553e-07
205,1.7100137483794242e-07,1.4699980965815485e-07
206,1.7899947124533355e-07,1.4200122677721083e-07
207,1.7599995771888644e-07,1.500011421740055e-07
208,1.7899947124533355e-07,1.4699980965815485e-07
209,1.7799902707338333e-07,1.4500074030365795e-07
210,1.7800084606278688e-07,2.4899964046198875e-07
211,1.8200080376118422e-07,1.4800025383010507e-07
212,1.7599995771888644e-07,1.4200122677721083e-07
213,1.7999991541728377e-07,1.4199940778780729e-07
214,1.7700040189083666e-07,1.6000012692529708e-07
215,1.769985829014331e-07,1.4400029613170773e-07
216,1.7899947124533355e-07,1.4899887901265174e-07
217,1.7799902707338333e-07,1.4699980965815485e-07
218,1.7899947124533355e-07,1.4099896361585706e-07
219,1.7599995771888644e-07,1.490006980020553e-07
220,1.7300044419243932e-07,1.5899968275334686e-07
221,1.7599995771888644e-07,1.429998519597575e-07
222,1.8199898477178067e-07,1.4400029613170773e-07
223,1.7700040189083666e-07,1.4399847714230418e-07
224,1.81000359589234e-07,1.6200101526919752e-07
225,1.7700040189083666e-07,1.429998519597575e-07
226,1.7499951354693621e-07,1.6900048649404198e-07
227,1.7499951354693621e-07,1.470016286475584e-07
228,1.9599974621087313e-07,1.429998519597575e-07
229,1.7599995771888644e-07,1.429998519597575e-07
230,1.7400088836438954e-07,1.4699980965815485e-07
231,1.7599995771888644e-07,1.4400029613170773e-07
232,1.7899947124533355e-07,1.610005710972473e-07
233,1.7899947124533355e-07,2.400010998826474e-07
234,1.7800084606278688e-07,1.6199919627979398e-07
235,1.7599995771888644e-07,1.4500074030365795e-07
236,1.7999991541728377e-07,1.3700082490686327e-07
237,1.9600156520027667e-07,1.720000000204891e-07
238,1.7300044419243932e-07,1.4599936548620462e-07
239,1.7899947124533355e-07,1.3899989426136017e-07
240,1.8099854059983045e-07,1.3899989426136017e-07
241,1.7599995771888644e-07,1.6500052879564464e-07
242,1.829994289437309e-07,1.429998519597575e-07
243,1.790012902347371e-07,1.3899989426136017e-07
244,1.7700040189083666e-07,1.4599936548620462e-07
245,1.7799902707338333e-07,1.539992808829993e-07
246,1.7300044419243932e-07,1.0260009730700403e-06
247,1.790012902347371e-07,1.4999932318460196e-07
248,1.7599995771888644e-07,1.429998519597575e-07
249,1.7599995771888644e-07,1.4199940778780729e-07
250,1.7499951354693621e-07,1.6199919627979398e-07
251,1.7999991541728377e-07,1.4400029613170773e-07
252,1.8300124793313444e-07,1.429998519597575e-07
253,1.7799902707338333e-07,1.4500074030365795e-07
254,1.7799902707338333e-07,1.5800105757080019e-07
255,1.7400088836438954e-07,1.429998519597575e-07
256,1.8099854059983045e-07,1.4999932318460196e-07
257,1.7700040189083666e-07,1.3799945008940995e-07
258,1.81000359589234e-07,1.4500074030365795e-07
259,1.9999970390927047e-07,1.7700040189083666e-07
260,2.0400148059707135e-07,1.7300044419243932e-07
261,1.720000000204891e-07,1.5600016922689974e-07
262,1.8099854059983045e-07,1.4699980965815485e-07
263,1.7300044419243932e-07,1.4699980965815485e-07
264,1.900007191579789e-07,1.4800025383010507e-07
265,1.8200080376118422e-07,1.5099976735655218e-07
266,1.7800084606278688e-07,1.4600118447560817e-07
267,1.7800084606278688e-07,1.4800025383010507e-07
268,1.7499951354693621e-07,1.629996404517442e-07
269,1.8199898477178067e-07,1.500011421740055e-07
270,2.0600054995156825e-07,1.829994289437309e-07
271,1.8199898477178067e-07,1.4599936548620462e-07
272,1.81000359589234e-07,1.500011421740055e-07
273,1.720000000204891e-07,1.4400029613170773e-07
274,1.7300044419243932e-07,1.6199919627979398e-07
275,1.7700040189083666e-07,1.4400029613170773e-07
276,1.7499951354693621e-07,1.429998519597575e-07
277,1.7899947124533355e-07,1.4500074030365795e-07
278,1.7700040189083666e-07,1.4999932318460196e-07
279,1.73999069374986e-07,1.4699980965815485e-07
280,1.7700040189083666e-07,1.400003384333104e-07
281,1.7899947124533355e-07,1.8699938664212823e-07
282,1.769985829014331e-07,1.490006980020553e-07
283,1.7599995771888644e-07,1.4400029613170773e-07
284,1.7800084606278688e-07,1.4599936548620462e-07
285,1.949993020389229e-07,1.5099976735655218e-07
286,1.7999991541728377e-07,1.4500074030365795e-07
287,1.7099955584853888e-07,1.4800025383010507e-07
288,1.8000173440668732e-07,1.5300065570045263e-07
289,1.9599974621087313e-07,1.3799945008940995e-07
290,1.7599995771888644e-07,1.4800025383010507e-07
291,1.7599995771888644e-07,1.4500074030365795e-07
292,1.7400088836438954e-07,9.89000909612514e-07
293,1.73999069374986e-07,1.4999932318460196e-07
294,1.7999991541728377e-07,1.4800025383010507e-07
295,2.0100014808122069e-07,1.3899989426136017e-07
296,1.7999991541728377e-07,1.4199940778780729e-07
297,1.7599995771888644e-07,1.6899866750463843e-07
298,1.7499951354693621e-07,1.3899989426136017e-07
299,1.7999991541728377e-07,1.410007826052606e-07
300,1.7800084606278688e-07,1.4799843484070152e-07
301,1.769985829014331e-07,1.4800025383010507e-07
302,1.7899947124533355e-07,2.529995981603861e-07
303,1.8799983081407845e-07,1.429998519597575e-07
304,1.7499951354693621e-07,1.4899887901265174e-07
305,1.81000359589234e-07,1.4199940778780729e-07
306,1.7599995771888644e-07,1.4400029613170773e-07
307,1.7899947124533355e-07,1.4199940778780729e-07
308,1.7800084606278688e-07,1.629996404517442e-07
309,1.8200080376118422e-07,1.4099896361585706e-07
310,1.9700019038282335e-07,1.5699879440944642e-07
311,1.7999991541728377e-07,1.6200101526919752e-07
312,1.769985829014331e-07,1.410007826052606e-07
313,1.7799902707338333e-07,1.400003384333104e-07
314,1.7999991541728377e-07,1.429998519597575e-07
315,1.7599995771888644e-07,1.4400029613170773e-07
316,1.7800084606278688e-07,1.6500052879564464e-07
317,1.7800084606278688e-07,1.4799843484070152e-07
318,1.7400088836438954e-07,1.4199940778780729e-07
319,1.769985829014331e-07,1.3899989426136017e-07
320,1.7299862520303577e-07,1.629996404517442e-07
321,1.7499951354693621e-07,1.4400029613170773e-07
322,1.7899947124533355e-07,1.3700082490686327e-07
323,1.7400088836438954e-07,1.429998519597575e-07
324,1.7700040189083666e-07,1.6400008462369442e-07
325,1.7999991541728377e-07,2.1799860405735672e-07
326,1.839998731156811e-07,1.4600118447560817e-07
327,1.790012902347371e-07,1.410007826052606e-07
328,1.8199898477178067e-07,1.449989213142544e-07
329,1.7300044419243932e-07,1.6699959815014154e-07
330,1.769985829014331e-07,1.410007826052606e-07
331,1.7599995771888644e-07,1.4400029613170773e-07
332,1.7599995771888644e-07,1.4800025383010507e-07
333,1.7499951354693621e-07,1.5700061339884996e-07
334,1.8199898477178067e-07,1.4400029613170773e-07
335,1.9999970390927047e-07,1.6400008462369442e-07
336,1.7999991541728377e-07,1.429998519597575e-07
337,1.7400088836438954e-07,1.429998519597575e-07
338,1.769985829014331e-07,1.4699980965815485e-07
339,1.7599995771888644e-07,1.649987098062411e-07
340,1.7700040189083666e-07,1.410007826052606e-07
341,1.7899947124533355e-07,1.4199940778780729e-07
342,1.7300044419243932e-07,1.410007826052606e-07
343,1.7400088836438954e-07,1.5299883671104908e-07
344,1.7700040189083666e-07,1.4800025383010507e-07
345,1.8699938664212823e-07,2.2899985197000206e-07
346,1.81000359589234e-07,1.4199940778780729e-07
347,2.020005922531709e-07,1.4500074030365795e-07
348,1.7799902707338333e-07,1.7999991541728377e-07
349,1.7700040189083666e-07,1.4599936548620462e-07
350,1.829994289437309e-07,1.4699980965815485e-07
351,1.7799902707338333e-07,1.6600097296759486e-07
352,1.7400088836438954e-07,1.7099955584853888e-07
353,1.7400088836438954e-07,1.4699980965815485e-07
354,1.81000359589234e-07,1.8199898477178067e-07
355,1.7799902707338333e-07,1.4699980965815485e-07
356,1.7899947124533355e-07,1.429998519597575e-07
357,1.7299862520303577e-07,1.449989213142544e-07
358,1.7999991541728377e-07,1.610005710972473e-07
359,1.7899947124533355e-07,1.429998519597575e-07
360,1.7799902707338333e-07,1.410007826052606e-07
361,1.790012902347371e-07,1.490006980020553e-07
362,1.790012902347371e-07,1.5800105757080019e-07
363,1.7899947124533355e-07,1.4599936548620462e-07
364,1.7299862520303577e-07,1.6900048649404198e-07
365,1.7799902707338333e-07,1.490006980020553e-07
366,1.7599995771888644e-07,1.410007826052606e-07
367,1.7799902707338333e-07,1.4199940778780729e-07
368,1.7400088836438954e-07,1.6400008462369442e-07
369,1.7599995771888644e-07,1.4400029613170773e-07
370,1.839998731156811e-07,1.5099976735655218e-07
371,1.7899947124533355e-07,1.410007826052606e-07
372,1.7400088836438954e-07,1.380012690788135e-07
373,1.7899947124533355e-07,1.6099875210784376e-07
374,1.7800084606278688e-07,1.4699980965815485e-07
375,1.7300044419243932e-07,1.4400029613170773e-07
376,1.7700040189083666e-07,1.429998519597575e-07
377,1.9399885786697268e-07,1.4600118447560817e-07
378,1.7899947124533355e-07,1.410007826052606e-07
379,1.7499951354693621e-07,1.4199940778780729e-07
380,1.7700040189083666e-07,1.3999851944390684e-07
381,1.9400067685637623e-07,1.3899989426136017e-07
382,1.7999991541728377e-07,1.4199940778780729e-07
383,1.7499951354693621e-07,1.4400029613170773e-07
384,1.7800084606278688e-07,1.400003384333104e-07
385,1.7599995771888644e-07,1.4599936548620462e-07
386,1.7800084606278688e-07,1.400003384333104e-07
387,1.7300044419243932e-07,1.429998519597575e-07
388,1.7499951354693621e-07,1.429998519597575e-07
389,1.9599974621087313e-07,1.4200122677721083e-07
390,1.7999991541728377e-07,1.4699980965815485e-07
391,1.7799902707338333e-07,1.4500074030365795e-07
392,1.7599995771888644e-07,1.3899989426136017e-07
393,1.9899925973732024e-07,1.4400029613170773e-07
394,1.7800084606278688e-07,2.390006557106972e-07
395,1.7799902707338333e-07,1.5099976735655218e-07
396,1.73999069374986e-07,1.4199940778780729e-07
397,1.7599995771888644e-07,1.4099896361585706e-07
398,1.7799902707338333e-07,1.6000012692529708e-07
399,1.7799902707338333e-07,1.4500074030365795e-07
400,1.7499951354693621e-07,1.4599936548620462e-07
401,1.7999991541728377e-07,1.4899887901265174e-07
402,1.7599995771888644e-07,1.610005710972473e-07
403,1.7899947124533355e-07,1.610005710972473e-07
404,1.7899947124533355e-07,1.4699980965815485e-07
405,1.7899947124533355e-07,1.3899989426136017e-07
406,1.7700040189083666e-07,1.410007826052606e-07
407,1.7800084606278688e-07,1.6700141713954508e-07
408,1.7999991541728377e-07,1.410007826052606e-07
409,1.7299862520303577e-07,2.3500069801229984e-07
410,1.7999991541728377e-07,1.520002115285024e-07
411,1.700009306659922e-07,1.4200122677721083e-07
412,1.7999991541728377e-07,1.4500074030365795e-07
413,1.7500133253633976e-07,1.610005710972473e-07
414,1.7099955584853888e-07,1.4899887901265174e-07
415,1.73999069374986e-07,1.3999851944390684e-07
416,1.7300044419243932e-07,1.490006980020553e-07
417,1.8199898477178067e-07,1.4800025383010507e-07
418,1.7599995771888644e-07,1.649987098062411e-07
419,1.769985829014331e-07,1.429998519597575e-07
420,1.7899947124533355e-07,1.5300065570045263e-07
421,1.7599995771888644e-07,1.6000012692529708e-07
422,1.769985829014331e-07,1.449989213142544e-07
423,1.919997885124758e-07,1.4400029613170773e-07
424,1.7599995771888644e-07,1.520002115285024e-07
425,1.7400088836438954e-07,1.429998519597575e-07
426,1.7799902707338333e-07,1.429998519597575e-07
427,1.8099854059983045e-07,1.6000012692529708e-07
428,1.7800084606278688e-07,1.4699980965815485e-07
429,1.7499951354693621e-07,1.4300167094916105e-07
430,1.7700040189083666e-07,1.4500074030365795e-07
431,1.720000000204891e-07,1.7599995771888644e-07
432,1.7599995771888644e-07,1.4400029613170773e-07
433,1.7599995771888644e-07,1.449989213142544e-07
434,1.7300044419243932e-07,1.4599936548620462e-07
435,1.7300044419243932e-07,1.6199919627979398e-07
436,1.7300044419243932e-07,1.520002115285024e-07
437,1.720000000204891e-07,1.4699980965815485e-07
438,1.7800084606278688e-07,1.429998519597575e-07
439,1.7599995771888644e-07,1.6099875210784376e-07
440,1.7799902707338333e-07,1.490006980020553e-07
441,1.8099854059983045e-07,1.490006980020553e-07
442,1.7099955584853888e-07,1.4599936548620462e-07
443,1.8000173440668732e-07,1.6199919627979398e-07
444,1.7999991541728377e-07,1.4699980965815485e-07
445,1.7499951354693621e-07,1.7599995771888644e-07
446,1.7599995771888644e-07,1.400003384333104e-07
447,1.7700040189083666e-07,1.4699980965815485e-07
448,1.7400088836438954e-07,1.4999932318460196e-07
449,1.7500133253633976e-07,1.629996404517442e-07
450,1.7700040189083666e-07,1.4800025383010507e-07
451,1.7499951354693621e-07,1.4800025383010507e-07
452,1.7400088836438954e-07,1.4600118447560817e-07
453,1.949993020389229e-07,1.429998519597575e-07
454,1.7499951354693621e-07,1.429998519597575e-07
455,1.7599995771888644e-07,1.4199940778780729e-07
456,1.769985829014331e-07,1.429998519597575e-07
457,1.9099934434052557e-07,1.7299862520303577e-07
458,1.7599995771888644e-07,1.5499972505494952e-07
459,1.7800084606278688e-07,1.4400029613170773e-07
460,1.720000000204891e-07,1.4699980965815485e-07
461,1.7999991541728377e-07,1.5899968275334686e-07
462,1.8500031728763133e-07,1.0330004442948848e-06
463,1.7799902707338333e-07,1.4899887901265174e-07
464,1.7599995771888644e-07,1.429998519597575e-07
465,1.81000359589234e-07,1.4199940778780729e-07
466,1.7899947124533355e-07,1.6000012692529708e-07
467,1.7700040189083666e-07,1.6099875210784376e-07
468,1.829994289437309e-07,1.4199940778780729e-07
469,1.790012902347371e-07,1.490006980020553e-07
470,1.7999991541728377e-07,1.4699980965815485e-07
471,1.81000359589234e-07,1.559983502374962e-07
472,1.7700040189083666e-07,1.5499972505494952e-07
473,1.81000359589234e-07,1.6800004232209176e-07
474,1.9399885786697268e-07,1.4400029613170773e-07
475,1.7700040189083666e-07,1.4099896361585706e-07
476,1.7400088836438954e-07,1.3700082490686327e-07
477,1.7700040189083666e-07,1.4800025383010507e-07
478,1.829994289437309e-07,1.470016286475584e-07
479,1.9899925973732024e-07,1.4599936548620462e-07
480,1.7300044419243932e-07,1.449989213142544e-07
481,1.8199898477178067e-07,1.4800025383010507e-07
482,1.7300044419243932e-07,1.4699980965815485e-07
483,1.7499951354693621e-07,1.3799945008940995e-07
484,1.7899947124533355e-07,1.449989213142544e-07
485,1.73999069374986e-07,1.4600118447560817e-07
486,1.829994289437309e-07,1.449989213142544e-07
487,1.7999991541728377e-07,1.4899887901265174e-07
488,1.81000359589234e-07,1.4800025383010507e-07
489,1.8500031728763133e-07,1.539992808829993e-07
490,1.7299862520303577e-07,1.4400029613170773e-07
491,1.7499951354693621e-07,1.429998519597575e-07
492,1.7800084606278688e-07,1.4699980965815485e-07
493,1.7799902707338333e-07,1.629996404517442e-07
494,1.7499951354693621e-07,1.4800025383010507e-07
495,1.7599995771888644e-07,1.490006980020553e-07
496,1.7599995771888644e-07,1.4199940778780729e-07
497,1.700009306659922e-07,1.6199919627979398e-07
498,1.7599995771888644e-07,1.400003384333104e-07
499,1.7999991541728377e-07,1.6700141713954508e-07
500,1.7100137483794242e-07,1.4899887901265174e-07
501,1.73999069374986e-07,1.4799843484070152e-07
502,1.7999991541728377e-07,1.4800025383010507e-07
503,1.7800084606278688e-07,1.610005710972473e-07
504,1.7999991541728377e-07,1.4199940778780729e-07
505,1.9899925973732024e-07,1.5099976735655218e-07
506,1.7899947124533355e-07,1.6899866750463843e-07
507,1.769985829014331e-07,1.449989213142544e-07
508,1.7599995771888644e-07,1.4500074030365795e-07
509,1.85998942470178e-07,1.500011421740055e-07
510,1.720000000204891e-07,1.400003384333104e-07
511,1.790012902347371e-07,1.400003384333104e-07
512,1.8200080376118422e-07,1.4500074030365795e-07
513,1.93000232684426e-07,1.4099896361585706e-07
514,1.73999069374986e-07,1.400003384333104e-07
515,1.7999991541728377e-07,1.4500074030365795e-07
516,1.7300044419243932e-07,1.4400029613170773e-07
517,1.7899947124533355e-07,1.5600016922689974e-07
518,1.7700040189083666e-07,1.429998519597575e-07
519,1.81000359589234e-07,1.4199940778780729e-07
520,1.7799902707338333e-07,1.4999932318460196e-07
521,1.81000359589234e-07,1.6000012692529708e-07
522,1.7300044419243932e-07,1.6800004232209176e-07
523,1.7700040189083666e-07,1.410007826052606e-07
524,1.7700040189083666e-07,1.4399847714230418e-07
525,1.7799902707338333e-07,1.5899968275334686e-07
526,1.720000000204891e-07,1.4099896361585706e-07
527,1.9799881556537002e-07,1.429998519597575e-07
528,1.7400088836438954e-07,1.4800025383010507e-07
529,1.7700040189083666e-07,1.449989213142544e-07
530,1.7599995771888644e-07,1.4199940778780729e-07
531,1.93000232684426e-07,1.3899989426136017e-07
532,1.7799902707338333e-07,1.5099976735655218e-07
533,1.7800084606278688e-07,1.4400029613170773e-07
534,1.7400088836438954e-07,1.4199940778780729e-07
535,1.839998731156811e-07,1.449989213142544e-07
536,1.8200080376118422e-07,1.4800025383010507e-07
537,1.9099934434052557e-07,1.3700082490686327e-07
538,1.8200080376118422e-07,1.5199839253909886e-07
539,1.790012902347371e-07,1.6900048649404198e-07
540,1.7799902707338333e-07,1.4099896361585706e-07
541,1.7700040189083666e-07,1.3899989426136017e-07
542,1.73999069374986e-07,1.720000000204891e-07
543,1.7799902707338333e-07,1.4600118447560817e-07
544,1.7799902707338333e-07,1.380012690788135e-07
545,1.7700040189083666e-07,1.6900048649404198e-07
546,1.7700040189083666e-07,1.4800025383010507e-07
547,1.919997885124758e-07,1.4800025383010507e-07
548,1.7599995771888644e-07,1.429998519597575e-07
549,1.790012902347371e-07,1.4099896361585706e-07
550,1.8700120563153177e-07,1.4399847714230418e-07
551,1.720000000204891e-07,1.649987098062411e-07
552,1.7799902707338333e-07,1.4199940778780729e-07
553,1.7400088836438954e-07,1.4400029613170773e-07
554,1.81000359589234e-07,1.449989213142544e-07
555,1.7999991541728377e-07,1.4699980965815485e-07
556,1.769985829014331e-07,1.400003384333104e-07
557,1.7599995771888644e-07,1.6099875210784376e-07
558,1.7999991541728377e-07,1.449989213142544e-07
559,1.8099854059983045e-07,1.3799945008940995e-07
560,1.7899947124533355e-07,1.4400029613170773e-07
561,1.7599995771888644e-07,1.5699879440944642e-07
562,1.7599995771888644e-07,1.4099896361585706e-07
563,1.7899947124533355e-07,1.4500074030365795e-07
564,1.7800084606278688e-07,1.4099896361585706e-07
565,1.7800084606278688e-07,1.6000012692529708e-07
566,1.7999991541728377e-07,1.4500074030365795e-07
567,1.790012902347371e-07,1.400003384333104e-07
568,1.7599995771888644e-07,1.610005710972473e-07
569,1.81000359589234e-07,1.4099896361585706e-07
570,1.7999991541728377e-07,1.4699980965815485e-07
571,1.7799902707338333e-07,1.3899989426136017e-07
572,1.7300044419243932e-07,1.4099896361585706e-07
573,1.769985829014331e-07,1.4199940778780729e-07
574,1.7499951354693621e-07,1.4600118447560817e-07
575,1.969983713934198e-07,1.4099896361585706e-07
576,1.7800084606278688e-07,1.3899989426136017e-07
577,1.7599995771888644e-07,1.6800004232209176e-07
578,1.93000232684426e-07,1.7999991541728377e-07
579,1.790012902347371e-07,1.400003384333104e-07
580,1.7499951354693621e-07,1.400003384333104e-07
581,1.7499951354693621e-07,1.3899989426136017e-07
582,1.7800084606278688e-07,1.6000012692529708e-07
583,1.7300044419243932e-07,1.449989213142544e-07
584,1.790012902347371e-07,1.4600118447560817e-07
585,1.7599995771888644e-07,1.4400029613170773e-07
586,1.7899947124533355e-07,1.5899968275334686e-07
587,1.769985829014331e-07,1.429998519597575e-07
588,1.769985829014331e-07,1.4500074030365795e-07
589,1.7500133253633976e-07,1.400003384333104e-07
590,1.81000359589234e-07,1.4800025383010507e-07
591,1.7999991541728377e-07,1.4200122677721083e-07
592,1.7799902707338333e-07,1.4800025383010507e-07
593,1.769985829014331e-07,1.559983502374962e-07
594,1.7899947124533355e-07,1.629996404517442e-07
595,1.769985829014331e-07,1.4600118447560817e-07
596,1.7300044419243932e-07,1.470016286475584e-07
597,1.7700040189083666e-07,1.500011421740055e-07
598,1.7499951354693621e-07,1.5099976735655218e-07
599,1.7700040189083666e-07,1.4800025383010507e-07
600,1.7899947124533355e-07,1.6000012692529708e-07
601,1.7800084606278688e-07,2.449996827635914e-07
602,1.7700040189083666e-07,1.4699980965815485e-07
603,1.7700040189083666e-07,1.429998519597575e-07
604,1.7599995771888644e-07,1.4599936548620462e-07
605,1.720000000204891e-07,1.7300044419243932e-07
606,1.7500133253633976e-07,1.4599936548620462e-07
607,1.7499951354693621e-07,1.490006980020553e-07
608,1.769985829014331e-07,1.4099896361585706e-07
609,1.8199898477178067e-07,1.6099875210784376e-07
610,1.7300044419243932e-07,1.490006980020553e-07
611,2.0199877326376736e-07,1.4199940778780729e-07
612,1.7999991541728377e-07,1.5199839253909886e-07
613,1.769985829014331e-07,1.4599936548620462e-07
614,1.7700040189083666e-07,1.4399847714230418e-07
615,1.829994289437309e-07,1.4599936548620462e-07
616,1.7799902707338333e-07,1.4500074030365795e-07
617,1.949993020389229e-07,1.490006980020553e-07
618,1.8200080376118422e-07,1.429998519597575e-07
619,1.73999069374986e-07,1.5100158634595573e-07
620,1.73999069374986e-07,1.4999932318460196e-07
621,1.7800084606278688e-07,1.629996404517442e-07
622,1.7700040189083666e-07,1.400003384333104e-07
623,1.790012902347371e-07,1.470016286475584e-07
624,1.7800084606278688e-07,1.9599974621087313e-07
625,1.7700040189083666e-07,1.4500074030365795e-07
626,1.7800084606278688e-07,1.490006980020553e-07
627,1.7599995771888644e-07,1.4599936548620462e-07
628,1.7799902707338333e-07,1.6400008462369442e-07
629,1.7700040189083666e-07,1.4599936548620462e-07
630,1.7500133253633976e-07,1.520002115285024e-07
631,1.7500133253633976e-07,1.4800025383010507e-07
632,1.93000232684426e-07,1.0219991963822395e-06
633,1.790012902347371e-07,1.500011421740055e-07
634,1.7700040189083666e-07,1.429998519597575e-07
635,1.7599995771888644e-07,1.4500074030365795e-07
636,1.829994289437309e-07,1.6599915397819132e-07
637,1.769985829014331e-07,1.4599936548620462e-07
638,1.7999991541728377e-07,1.4699980965815485e-07
639,1.7100137483794242e-07,1.4600118447560817e-07
640,1.769985829014331e-07,1.539992808829993e-07
641,1.8099854059983045e-07,1.429998519597575e-07
642,1.7999991541728377e-07,1.4999932318460196e-07
643,1.7700040189083666e-07,1.7099955584853888e-07
644,1.7800084606278688e-07,1.410007826052606e-07
645,1.7999991541728377e-07,1.4599936548620462e-07
646,1.7899947124533355e-07,1.7999991541728377e-07
647,3.440000000409782e-07,2.0900006347801536e-07
648,1.7700040189083666e-07,1.629996404517442e-07
649,1.7099955584853888e-07,1.6000012692529708e-07
650,1.9999970390927047e-07,1.4800025383010507e-07
651,2.0400148059707135e-07,1.6000012692529708e-07
652,1.7799902707338333e-07,1.470016286475584e-07
653,1.7400088836438954e-07,1.4599936548620462e-07
654,1.8199898477178067e-07,1.4200122677721083e-07
655,1.9799881556537002e-07,1.429998519597575e-07
656,1.7999991541728377e-07,1.410007826052606e-07
657,1.8199898477178067e-07,1.470016286475584e-07
658,1.839998731156811e-07,1.4500074030365795e-07
659,2.0100014808122069e-07,1.4800025383010507e-07
660,1.7700040189083666e-07,1.4400029613170773e-07
661,1.7599995771888644e-07,1.429998519597575e-07
662,1.7799902707338333e-07,1.4800025383010507e-07
663,1.9599974621087313e-07,1.449989213142544e-07
664,1.8500031728763133e-07,1.410007826052606e-07
665,1.8600076145958155e-07,1.520002115285024e-07
666,1.7700040189083666e-07,1.4599936548620462e-07
667,1.7300044419243932e-07,1.490006980020553e-07
668,1.7700040189083666e-07,1.4599936548620462e-07
669,1.7700040189083666e-07,1.4600118447560817e-07
670,1.7899947124533355e-07,1.4699980965815485e-07
671,1.81000359589234e-07,1.6400008462369442e-07
672,1.7499951354693621e-07,1.4199940778780729e-07
673,1.7899947124533355e-07,1.4999932318460196e-07
674,1.9500112102832645e-07,1.539992808829993e-07
675,1.81000359589234e-07,1.73999069374986e-07
676,1.839998731156811e-07,1.4500074030365795e-07
677,1.7599995771888644e-07,1.4599936548620462e-07
678,1.9600156520027667e-07,1.0510011634323746e-06
679,1.8799983081407845e-07,1.5800105757080019e-07
680,1.7700040189083666e-07,1.4399847714230418e-07
681,1.7800084606278688e-07,1.429998519597575e-07
682,1.7499951354693621e-07,2.4099972506519407e-07
683,1.720000000204891e-07,1.4699980965815485e-07
684,1.7599995771888644e-07,1.4600118447560817e-07
685,1.7899947124533355e-07,1.429998519597575e-07
686,1.7499951354693621e-07,1.6400008462369442e-07
687,1.7700040189083666e-07,1.4199940778780729e-07
688,1.790012902347371e-07,1.4599936548620462e-07
689,1.7099955584853888e-07,1.5899968275334686e-07
690,1.7400088836438954e-07,1.410007826052606e-07
691,1.8200080376118422e-07,1.400003384333104e-07
692,1.7400088836438954e-07,1.4800025383010507e-07
693,1.7599995771888644e-07,1.449989213142544e-07
694,1.7700040189083666e-07,1.490006980020553e-07
695,1.720000000204891e-07,1.6400008462369442e-07
696,1.790012902347371e-07,1.6200101526919752e-07
697,1.81000359589234e-07,1.520002115285024e-07
698,1.9599974621087313e-07,1.490006980020553e-07
699,1.7999991541728377e-07,1.4400029613170773e-07
700,1.8200080376118422e-07,1.4099896361585706e-07
701,1.7599995771888644e-07,1.4800025383010507e-07
702,1.7800084606278688e-07,1.4200122677721083e-07
703,1.7599995771888644e-07,1.4400029613170773e-07
704,1.6999911167658865e-07,1.610005710972473e-07
705,1.7499951354693621e-07,1.4699980965815485e-07
706,1.7300044419243932e-07,1.429998519597575e-07
707,1.7899947124533355e-07,1.4500074030365795e-07
708,1.73999069374986e-07,1.4699980965815485e-07
709,2.039996616076678e-07,1.380012690788135e-07
710,1.7300044419243932e-07,1.4899887901265174e-07
711,1.7499951354693621e-07,1.4199940778780729e-07
712,1.6999911167658865e-07,1.4600118447560817e-07
713,1.9999970390927047e-07,1.4500074030365795e-07
714,1.7700040189083666e-07,1.429998519597575e-07
715,1.7500133253633976e-07,1.4199940778780729e-07
716,1.7400088836438954e-07,1.4799843484070152e-07
717,1.9100116332992911e-07,1.5099976735655218e-07
718,1.7899947124533355e-07,1.429998519597575e-07
719,1.8799983081407845e-07,1.429998519597575e-07
720,1.790012902347371e-07,9.850009519141167e-07
721,1.720000000204891e-07,1.4800025383010507e-07
722,1.7500133253633976e-07,1.4699980965815485e-07
723,1.73999069374986e-07,1.4800025383010507e-07
724,1.7300044419243932e-07,1.6899866750463843e-07
725,1.7599995771888644e-07,1.449989213142544e-07
726,1.7999991541728377e-07,1.3899989426136017e-07
727,1.8199898477178067e-07,1.3999851944390684e-07
728,1.7599995771888644e-07,1.6000012692529708e-07
729,1.829994289437309e-07,1.429998519597575e-07
730,1.7299862520303577e-07,1.4599936548620462e-07
731,1.7899947124533355e-07,1.4300167094916105e-07
732,1.7499951354693621e-07,1.6600097296759486e-07
733,1.7700040189083666e-07,1.4199940778780729e-07
734,1.7800084606278688e-07,1.8200080376118422e-07
735,1.7500133253633976e-07,1.449989213142544e-07
736,1.8199898477178067e-07,1.4200122677721083e-07
737,1.7499951354693621e-07,1.520002115285024e-07
738,1.7400088836438954e-07,1.5899968275334686e-07
739,1.7999991541728377e-07,1.4699980965815485e-07
740,1.7300044419243932e-07,1.4699980965815485e-07
741,1.7599995771888644e-07,1.4400029613170773e-07
742,1.790012902347371e-07,1.4500074030365795e-07
743,1.769985829014331e-07,1.73999069374986e-07
744,1.7499951354693621e-07,1.4599936548620462e-07
745,1.85998942470178e-07,2.1400046534836292e-07
746,1.7999991541728377e-07,1.4400029613170773e-07
747,1.7899947124533355e-07,1.4699980965815485e-07
748,1.9399885786697268e-07,1.4899887901265174e-07
749,1.7800084606278688e-07,1.4599936548620462e-07
750,1.7700040189083666e-07,1.4199940778780729e-07
751,1.7100137483794242e-07,1.520002115285024e-07
752,1.9800063455477357e-07,1.4800025383010507e-07
753,1.73999069374986e-07,1.7099955584853888e-07
754,1.7300044419243932e-07,1.5299883671104908e-07
755,1.8300124793313444e-07,1.4699980965815485e-07
756,1.7999991541728377e-07,1.4200122677721083e-07
757,1.8200080376118422e-07,1.6599915397819132e-07
758,1.73999069374986e-07,1.4800025383010507e-07
759,1.7899947124533355e-07,1.5300065570045263e-07
760,1.7899947124533355e-07,1.4800025383010507e-07
761,1.73999069374986e-07,1.5899968275334686e-07
762,1.7599995771888644e-07,1.4999932318460196e-07
763,1.7499951354693621e-07,1.5099976735655218e-07
764,1.700009306659922e-07,1.410007826052606e-07
765,1.7599995771888644e-07,1.400003384333104e-07
766,1.7700040189083666e-07,1.520002115285024e-07
767,1.7599995771888644e-07,1.6699959815014154e-07
768,1.7599995771888644e-07,1.429998519597575e-07
769,1.7999991541728377e-07,1.4199940778780729e-07
770,1.7599995771888644e-07,1.4400029613170773e-07
771,1.93000232684426e-07,1.4399847714230418e-07
772,1.7599995771888644e-07,1.4400029613170773e-07
773,1.7599995771888644e-07,1.449989213142544e-07
774,1.7999991541728377e-07,1.4599936548620462e-07
775,1.9399885786697268e-07,1.429998519597575e-07
776,1.7800084606278688e-07,1.4500074030365795e-07
777,1.8199898477178067e-07,1.520002115285024e-07
778,1.8200080376118422e-07,1.4600118447560817e-07
779,1.9599974621087313e-07,1.490006980020553e-07
780,1.7800084606278688e-07,1.429998519597575e-07
781,1.7400088836438954e-07,1.490006980020553e-07
782,1.7499951354693621e-07,1.4600118447560817e-07
783,1.7099955584853888e-07,1.6500052879564464e-07
784,1.7599995771888644e-07,1.429998519597575e-07
785,1.7899947124533355e-07,1.4800025383010507e-07
786,1.7800084606278688e-07,1.4699980965815485e-07
787,1.7500133253633976e-07,1.610005710972473e-07
788,1.7899947124533355e-07,1.4500074030365795e-07
789,1.81000359589234e-07,1.4599936548620462e-07
790,1.8200080376118422e-07,1.4400029613170773e-07
791,1.7599995771888644e-07,1.4400029613170773e-07
792,1.7599995771888644e-07,1.4599936548620462e-07
793,1.769985829014331e-07,1.4600118447560817e-07
794,1.9100116332992911e-07,1.410007826052606e-07
795,1.7599995771888644e-07,1.490006980020553e-07
796,1.7300044419243932e-07,1.4400029613170773e-07
797,1.7799902707338333e-07,1.410007826052606e-07
798,1.8999890016857535e-07,1.410007826052606e-07
799,1.790012902347371e-07,1.4400029613170773e-07
800,1.7499951354693621e-07,1.3899989426136017e-07
801,1.7700040189083666e-07,1.7099955584853888e-07
802,1.829994289437309e-07,1.4200122677721083e-07
803,1.7799902707338333e-07,1.4199940778780729e-07
804,1.7499951354693621e-07,1.429998519597575e-07
805,1.8199898477178067e-07,1.7499951354693621e-07
806,1.7599995771888644e-07,1.520002115285024e-07
807,1.7899947124533355e-07,1.4699980965815485e-07
808,1.7499951354693621e-07,1.449989213142544e-07
809,1.9399885786697268e-07,1.7899947124533355e-07
810,1.790012902347371e-07,1.4500074030365795e-07
811,1.7800084606278688e-07,1.429998519597575e-07
812,1.73999069374986e-07,1.81000359589234e-07
813,1.7700040189083666e-07,1.410007826052606e-07
814,1.7099955584853888e-07,1.449989213142544e-07
815,1.7500133253633976e-07,1.3999851944390684e-07
816,1.6800004232209176e-07,1.6500052879564464e-07
817,1.7499951354693621e-07,1.6900048649404198e-07
818,1.7300044419243932e-07,1.3899989426136017e-07
819,1.7300044419243932e-07,1.4400029613170773e-07
820,1.720000000204891e-07,1.4500074030365795e-07
821,1.7099955584853888e-07,1.7599995771888644e-07
822,1.7700040189083666e-07,1.4699980965815485e-07
823,1.7499951354693621e-07,1.4599936548620462e-07
824,1.7099955584853888e-07,1.520002115285024e-07
825,1.7300044419243932e-07,1.6800004232209176e-07
826,1.73999069374986e-07,1.449989213142544e-07
827,1.769985829014331e-07,1.4099896361585706e-07
828,1.7800084606278688e-07,1.4400029613170773e-07
829,1.7400088836438954e-07,1.6400008462369442e-07
830,1.73999069374986e-07,1.4400029613170773e-07
831,1.6900048649404198e-07,1.4099896361585706e-07
832,1.7500133253633976e-07,1.400003384333104e-07
833,1.7099955584853888e-07,1.6000012692529708e-07
834,1.7499951354693621e-07,2.329998096683994e-07
835,2.039996616076678e-07,1.7700040189083666e-07
836,1.7299862520303577e-07,1.3899989426136017e-07
837,1.7799902707338333e-07,1.4999932318460196e-07
838,1.7300044419243932e-07,1.429998519597575e-07
839,1.9400067685637623e-07,1.4400029613170773e-07
840,1.7100137483794242e-07,1.6900048649404198e-07
841,1.7700040189083666e-07,1.4199940778780729e-07
842,1.7499951354693621e-07,1.4099896361585706e-07
843,1.7499951354693621e-07,1.500011421740055e-07
844,1.8500031728763133e-07,1.6400008462369442e-07
845,1.7599995771888644e-07,1.5700061339884996e-07
846,1.790012902347371e-07,1.4699980965815485e-07
847,1.7799902707338333e-07,1.5099976735655218e-07
848,1.919997885124758e-07,1.1579995771171525e-06
849,1.7700040189083666e-07,1.5499972505494952e-07
850,1.7800084606278688e-07,1.4699980965815485e-07
851,1.7999991541728377e-07,1.4500074030365795e-07
852,1.7599995771888644e-07,1.610005710972473e-07
853,1.720000000204891e-07,1.3899989426136017e-07
854,1.7500133253633976e-07,1.4600118447560817e-07
855,1.8200080376118422e-07,1.429998519597575e-07
856,1.6500052879564464e-07,1.6400008462369442e-07
857,1.7700040189083666e-07,1.449989213142544e-07
858,1.790012902347371e-07,1.4699980965815485e-07
859,1.7300044419243932e-07,1.4400029613170773e-07
860,1.7700040189083666e-07,1.429998519597575e-07
861,1.700009306659922e-07,1.4599936548620462e-07
862,1.8900027498602867e-07,1.6199919627979398e-07
863,1.7999991541728377e-07,1.4300167094916105e-07
864,1.7500133253633976e-07,1.490006980020553e-07
865,1.720000000204891e-07,1.4399847714230418e-07
866,1.7500133253633976e-07,1.6400008462369442e-07
867,1.829994289437309e-07,1.4600118447560817e-07
868,1.720000000204891e-07,1.4800025383010507e-07
869,1.7799902707338333e-07,1.4699980965815485e-07
870,1.8099854059983045e-07,1.6199919627979398e-07
871,1.7599995771888644e-07,1.490006980020553e-07
872,1.7400088836438954e-07,1.4699980965815485e-07
873,1.7700040189083666e-07,1.5300065570045263e-07
874,1.8200080376118422e-07,1.4999932318460196e-07
875,1.8200080376118422e-07,1.490006980020553e-07
876,1.7800084606278688e-07,1.4699980965815485e-07
877,1.8900027498602867e-07,1.429998519597575e-07
878,1.7499951354693621e-07,1.4799843484070152e-07
879,1.7400088836438954e-07,1.4199940778780729e-07
880,1.7400088836438954e-07,1.4699980965815485e-07
881,1.7500133253633976e-07,1.4599936548620462e-07
882,1.7800084606278688e-07,1.4500074030365795e-07
883,1.7400088836438954e-07,1.429998519597575e-07
884,1.679982233326882e-07,1.6900048649404198e-07
885,1.7899947124533355e-07,1.4400029613170773e-07
886,1.7500133253633976e-07,1.410007826052606e-07
887,1.7999991541728377e-07,1.4099896361585706e-07
888,1.7499951354693621e-07,1.6900048649404198e-07
889,1.73999069374986e-07,1.4199940778780729e-07
890,1.7700040189083666e-07,1.0300009307684377e-06
891,1.7999991541728377e-07,1.4999932318460196e-07
892,1.7899947124533355e-07,1.500011421740055e-07
893,1.7499951354693621e-07,1.429998519597575e-07
894,1.720000000204891e-07,1.6600097296759486e-07
895,1.7300044419243932e-07,1.4699980965815485e-07
896,1.73999069374986e-07,1.4200122677721083e-07
897,1.7799902707338333e-07,1.4400029613170773e-07
898,1.7799902707338333e-07,1.5600016922689974e-07
899,1.7599995771888644e-07,1.4400029613170773e-07
900,1.7299862520303577e-07,1.449989213142544e-07
901,1.7800084606278688e-07,1.3999851944390684e-07
902,1.7700040189083666e-07,1.4500074030365795e-07
903,1.7700040189083666e-07,1.400003384333104e-07
904,1.7800084606278688e-07,1.539992808829993e-07
905,1.7499951354693621e-07,1.4699980965815485e-07
906,1.7300044419243932e-07,1.4800025383010507e-07
907,1.7899947124533355e-07,1.470016286475584e-07
908,1.8699938664212823e-07,1.4400029613170773e-07
909,1.73999069374986e-07,1.6000012692529708e-07
910,1.8199898477178067e-07,1.429998519597575e-07
911,1.7400088836438954e-07,1.4899887901265174e-07
912,1.6800004232209176e-07,1.449989213142544e-07
913,1.7899947124533355e-07,1.5899968275334686e-07
914,1.7899947124533355e-07,1.4400029613170773e-07
915,1.7500133253633976e-07,1.4699980965815485e-07
916,1.7899947124533355e-07,1.3899989426136017e-07
917,1.7899947124533355e-07,1.6200101526919752e-07
918,1.7300044419243932e-07,1.400003384333104e-07
919,1.7800084606278688e-07,1.410007826052606e-07
920,1.7899947124533355e-07,1.4399847714230418e-07
921,1.7599995771888644e-07,1.610005710972473e-07
922,1.6999911167658865e-07,1.73999069374986e-07
923,1.6800004232209176e-07,1.4899887901265174e-07
924,1.7599995771888644e-07,1.4400029613170773e-07
925,1.7599995771888644e-07,1.4400029613170773e-07
926,1.7800084606278688e-07,2.4099972506519407e-07
927,1.829994289437309e-07,1.410007826052606e-07
928,1.7599995771888644e-07,1.4400029613170773e-07
929,1.7599995771888644e-07,1.4199940778780729e-07
930,1.7400088836438954e-07,1.4600118447560817e-07
931,1.9599974621087313e-07,1.3899989426136017e-07
932,1.7800084606278688e-07,1.4899887901265174e-07
933,1.7700040189083666e-07,2.1999949240125716e-07
934,1.7700040189083666e-07,1.4599936548620462e-07
935,1.7899947124533355e-07,1.4699980965815485e-07
936,1.7500133253633976e-07,1.449989213142544e-07
937,1.7799902707338333e-07,1.4799843484070152e-07
938,1.7799902707338333e-07,1.4500074030365795e-07
939,1.7400088836438954e-07,1.4800025383010507e-07
940,1.7999991541728377e-07,1.6099875210784376e-07
941,1.7300044419243932e-07,1.700009306659922e-07
942,1.790012902347371e-07,1.4699980965815485e-07
943,1.7599995771888644e-07,1.520002115285024e-07
944,1.7799902707338333e-07,1.3899989426136017e-07
945,1.7899947124533355e-07,1.6000012692529708e-07
946,1.7899947124533355e-07,1.5100158634595573e-07
947,1.9800063455477357e-07,1.720000000204891e-07
948,1.7599995771888644e-07,1.429998519597575e-07
949,1.7999991541728377e-07,1.490006980020553e-07
950,1.7599995771888644e-07,1.4899887901265174e-07
951,1.7599995771888644e-07,1.449989213142544e-07
952,1.8899845599662513e-07,1.3899989426136017e-07
953,1.81000359589234e-07,1.4699980965815485e-07
954,1.7700040189083666e-07,1.6500052879564464e-07
955,1.81000359589234e-07,1.4599936548620462e-07
956,1.769985829014331e-07,1.6699959815014154e-07
957,1.829994289437309e-07,1.4699980965815485e-07
958,1.7599995771888644e-07,1.429998519597575e-07
959,1.73999069374986e-07,1.4699980965815485e-07
960,1.7499951354693621e-07,1.6200101526919752e-07
961,1.7899947124533355e-07,1.4800025383010507e-07
962,1.7899947124533355e-07,1.490006980020553e-07
963,1.7800084606278688e-07,1.4699980965815485e-07
964,1.769985829014331e-07,1.6000012692529708e-07
965,1.7999991541728377e-07,1.429998519597575e-07
966,1.7800084606278688e-07,1.490006980020553e-07
967,1.7400088836438954e-07,1.429998519597575e-07
968,1.7500133253633976e-07,1.7300044419243932e-07
969,1.8799983081407845e-07,1.4400029613170773e-07
970,1.7799902707338333e-07,1.4199940778780729e-07
971,1.7999991541728377e-07,1.4199940778780729e-07
972,1.7500133253633976e-07,1.4599936548620462e-07
973,1.7999991541728377e-07,1.5300065570045263e-07
974,1.7800084606278688e-07,1.429998519597575e-07
975,1.769985829014331e-07,1.4500074030365795e-07
976,1.8500031728763133e-07,1.500011421740055e-07
977,1.7800084606278688e-07,1.410007826052606e-07
978,1.73999069374986e-07,1.4199940778780729e-07
979,1.7499951354693621e-07,1.5799923858139664e-07
980,1.7599995771888644e-07,1.4699980965815485e-07
981,1.7099955584853888e-07,1.4799843484070152e-07
982,1.7800084606278688e-07,1.6699959815014154e-07
983,1.7799902707338333e-07,1.449989213142544e-07
984,1.7599995771888644e-07,1.4500074030365795e-07
985,1.7800084606278688e-07,1.4500074030365795e-07
986,1.7499951354693621e-07,1.6000012692529708e-07
987,1.7800084606278688e-07,1.4699980965815485e-07
988,1.720000000204891e-07,1.4799843484070152e-07
989,1.7599995771888644e-07,1.4600118447560817e-07
990,1.7599995771888644e-07,1.6699959815014154e-07
991,1.7599995771888644e-07,1.4300167094916105e-07
992,1.7300044419243932e-07,1.520002115285024e-07
993,1.7899947124533355e-07,1.4699980965815485e-07
994,1.7799902707338333e-07,1.610005710972473e-07
995,1.7700040189083666e-07,1.4400029613170773e-07
996,1.81000359589234e-07,1.839998731156811e-07
997,1.7800084606278688e-07,1.4200122677721083e-07
998,1.7599995771888644e-07,1.6000012692529708e-07
999,1.7500133253633976e-07,1.500011421740055e-07
1000,1.720000000204891e-07,1.4800025383010507e-07
